50	0	12	14	2	12	0	0	0	0	0
50	0	12	14	2	12	0	0	0	0	0
0	0	13	14	1	12	0	0	0	1	0
0	0	13	14	1	12	0	0	0	1	0
0	0	13	14	1	12	0	0	0	1	0
0	0	13	14	1	12	0	0	0	1	0
0	0	13	14	1	12	0	0	0	1	0
0	0	13	14	1	12	0	0	0	1	0
0	0	13	14	1	12	0	0	0	1	0
0	0	13	14	1	12	0	0	0	1	0
0	0	13	14	1	12	0	0	0	1	0
0	0	13	14	1	12	0	0	0	1	0
0	0	13	14	1	12	0	0	0	1	0
0	0	13	14	1	12	0	0	0	1	0
0	0	13	14	1	12	0	0	0	1	0
0	0	13	14	1	12	0	0	0	1	0
0	0	13	14	1	12	0	0	0	1	0
0	0	13	14	1	12	0	0	0	1	0
0	0	13	14	1	12	0	0	0	1	0
0	0	13	14	1	12	0	0	0	1	0
0	0	13	14	1	12	0	0	0	1	0
0	0	13	14	1	12	0	0	0	1	0
0	0	13	14	1	12	0	0	0	1	0
0	0	13	14	1	12	0	0	0	1	0
0	0	13	14	1	12	0	0	0	1	0
0	0	13	14	1	12	0	0	0	1	0
0	0	13	14	1	12	0	0	0	1	0
5	0	13	14	1	12	0	0	0	1	0
5	0	13	14	1	12	0	0	0	1	0
5	0	13	14	1	12	0	0	0	1	0
5	0	13	14	1	12	0	0	0	1	0
10	0	13	14	1	12	0	0	0	1	0
10	0	13	14	1	12	0	0	0	1	0
15	0	13	14	1	12	0	0	0	1	0
15	0	13	14	1	12	0	0	0	1	0
15	0	13	14	1	12	0	0	0	1	0
20	0	13	14	1	12	0	0	0	1	0
25	0	13	14	1	12	0	0	0	1	0
25	0	13	14	1	12	0	0	0	1	0
30	0	13	14	1	12	0	0	0	1	0
35	0	13	14	1	12	0	0	0	1	0
40	0	13	14	1	12	0	0	0	1	0
40	0	13	14	1	12	0	0	0	1	0
45	0	13	14	1	12	0	0	0	1	0
55	0	13	14	1	12	0	0	0	1	0
55	0	13	14	1	12	0	0	0	1	0
55	0	13	14	1	12	0	0	0	1	0
55	0	13	14	1	12	0	0	0	1	0
55	0	13	14	1	12	0	0	0	1	0
60	0	13	14	1	12	0	0	0	1	0
60	0	13	14	1	12	0	0	0	1	0
60	0	13	14	1	12	0	0	0	1	0
60	0	13	14	1	12	0	0	0	1	0
60	0	13	14	1	12	0	0	0	1	0
60	0	13	14	1	12	0	0	0	1	0
60	0	13	14	1	12	0	0	0	1	0
60	0	13	14	1	12	0	0	0	1	0
60	0	13	14	1	12	0	0	0	1	0
60	0	13	14	1	12	0	0	0	1	0
65	0	13	14	1	12	0	0	0	1	0
65	0	13	14	1	12	0	0	0	1	0
70	0	13	14	1	12	0	0	0	1	0
70	0	13	14	1	12	0	0	0	1	0
80	0	13	14	1	12	0	0	0	1	0
80	0	13	14	1	12	0	0	0	1	0
85	0	13	14	1	12	0	0	0	1	0
85	0	13	14	1	12	0	0	0	1	0
90	0	13	14	1	12	0	0	0	1	0
90	0	13	14	1	12	0	0	0	1	0
95	0	13	14	1	13	0	0	0	0	0
95	0	13	14	1	13	0	0	0	0	0
100	0	13	14	1	13	0	0	0	0	0
5	0	13	14	1	13	0	0	0	0	1
5	0	13	14	1	13	0	0	0	0	1
5	0	13	14	1	13	0	0	0	0	1
10	0	13	14	1	13	0	0	0	0	1
20	0	13	14	1	13	0	0	0	0	1
20	0	13	14	1	13	0	0	0	0	1
20	0	13	14	1	13	0	0	0	0	1
20	0	13	14	1	13	0	0	0	0	1
20	0	13	14	1	13	0	0	0	0	1
20	0	13	14	1	13	0	0	0	0	1
20	0	13	14	1	13	0	0	0	0	1
20	0	13	14	1	13	0	0	0	0	1
20	0	13	14	1	13	0	0	0	0	1
20	0	13	14	1	13	0	0	0	0	1
20	0	13	14	1	13	0	0	0	0	1
20	0	13	14	1	13	0	0	0	0	1
20	0	13	14	1	13	0	0	0	0	1
25	0	13	14	1	13	0	0	0	0	1
30	0	13	14	1	13	0	0	0	0	1
35	0	13	14	1	13	0	0	0	0	1
40	0	13	14	1	13	0	0	0	0	1
45	0	13	14	1	13	0	0	0	0	1
50	0	13	14	1	13	0	0	0	0	1
50	0	13	14	1	13	0	0	0	0	1
50	0	13	14	1	13	0	0	0	0	1
50	0	13	14	1	13	0	0	0	0	1
50	0	13	14	1	13	0	0	0	0	1
50	0	13	14	1	13	0	0	0	0	1
50	0	13	14	1	13	0	0	0	0	1
50	0	13	14	1	13	0	0	0	0	1
60	0	13	14	1	13	0	0	0	0	1
70	0	13	14	1	13	0	0	0	0	1
70	0	13	14	1	13	0	0	0	0	1
75	0	13	14	1	13	0	0	0	0	1
75	0	13	14	1	13	0	0	0	0	1
80	0	13	14	1	13	0	0	0	0	1
80	0	13	14	1	13	0	0	0	0	1
80	0	13	14	1	13	0	0	0	0	1
80	0	13	14	1	13	0	0	0	0	1
80	0	13	14	1	13	0	0	0	0	1
80	0	13	14	1	13	0	0	0	0	1
85	0	13	14	1	13	0	0	0	0	1
85	0	13	14	1	13	0	0	0	0	1
85	0	13	14	1	13	0	0	0	0	1
90	0	13	14	1	13	0	0	0	0	1
90	0	13	14	1	13	0	0	0	0	1
90	0	13	14	1	13	0	0	0	0	1
95	0	13	14	1	13	0	0	0	0	1
95	0	13	14	1	13	0	0	0	0	1
100	0	13	14	1	13	0	0	0	0	1
5	0	13	14	1	13	0	0	0	0	2
5	0	13	14	1	13	0	0	0	0	2
15	0	13	14	1	13	0	0	0	0	2
15	0	13	14	1	13	0	0	0	0	2
15	0	13	14	1	13	0	0	0	0	2
15	0	13	14	1	13	0	0	0	0	2
15	0	13	14	1	13	0	0	0	0	2
15	0	13	14	1	13	0	0	0	0	2
15	0	13	14	1	13	0	0	0	0	2
20	0	13	14	1	13	0	0	0	0	2
20	0	13	14	1	13	0	0	0	0	2
35	0	13	14	1	13	0	0	0	0	2
35	0	13	14	1	13	0	0	0	0	2
40	0	13	14	1	13	0	0	0	0	2
40	0	13	14	1	13	0	0	0	0	2
40	0	13	14	1	13	0	0	0	0	2
45	0	13	14	1	13	0	0	0	0	2
45	0	13	14	1	13	0	0	0	0	2
50	0	13	14	1	13	0	0	0	0	2
50	0	13	14	1	13	0	0	0	0	2
50	0	13	14	1	13	0	0	0	0	2
50	0	13	14	1	13	0	0	0	0	2
55	0	13	14	1	13	0	0	0	0	2
55	0	13	14	1	13	0	0	0	0	2
55	0	13	14	1	13	0	0	0	0	2
60	0	13	14	1	13	0	0	0	0	2
60	0	13	14	1	13	0	0	0	0	2
60	0	13	14	1	13	0	0	0	0	2
60	0	13	14	1	13	0	0	0	0	2
70	0	13	14	1	13	0	0	0	0	2
70	0	13	14	1	13	0	0	0	0	2
75	0	13	14	1	13	0	0	0	0	2
80	0	13	14	1	13	0	0	0	0	2
80	0	13	14	1	13	0	0	0	0	2
80	0	13	14	1	13	0	0	0	0	2
80	0	13	14	1	13	0	0	0	0	2
85	0	13	14	1	13	0	0	0	0	2
85	0	13	14	1	13	0	0	0	0	2
85	0	13	14	1	13	0	0	0	0	2
85	0	13	14	1	13	0	0	0	0	2
90	0	13	14	1	13	0	0	0	0	2
90	0	13	14	1	13	0	0	0	0	2
100	0	13	14	1	13	0	0	0	0	2
100	0	13	14	1	13	0	0	0	0	2
10	0	13	14	1	13	0	0	0	0	3
10	0	13	14	1	13	0	0	0	0	3
10	0	13	14	1	13	0	0	0	0	3
15	0	13	14	1	13	0	0	0	0	3
15	0	13	14	1	13	0	0	0	0	3
20	0	13	22	9	13	0	0	0	0	2
20	0	13	22	9	13	0	0	0	0	2
20	0	13	22	9	13	0	0	0	0	2
25	0	13	22	9	13	0	0	0	0	2
25	0	13	22	9	13	0	0	0	0	2
25	0	13	22	9	13	0	0	0	0	2
30	0	13	22	9	13	0	0	0	0	2
30	0	13	22	9	13	0	0	0	0	2
30	0	13	22	9	13	0	0	0	0	2
30	0	13	22	9	13	0	0	0	0	2
35	0	13	22	9	13	0	0	0	0	2
35	0	13	22	9	13	0	0	0	0	2
35	0	13	22	9	13	0	0	0	0	2
45	0	13	22	9	13	0	0	0	0	2
50	0	13	22	9	13	0	0	0	0	2
0	0	14	22	8	13	0	0	0	1	2
0	0	14	22	8	13	0	0	0	1	2
0	0	14	22	8	13	0	0	0	1	2
0	0	14	22	8	13	0	0	0	1	2
0	0	14	22	8	13	0	0	0	1	2
0	0	14	22	8	13	0	0	0	1	2
5	0	14	22	8	13	0	0	0	1	2
10	0	14	22	8	13	0	0	0	1	2
10	0	14	22	8	13	0	0	0	1	2
10	0	14	22	8	13	0	0	0	1	2
25	0	14	22	8	13	0	0	0	1	2
25	0	14	22	8	13	0	0	0	1	2
30	0	14	22	8	13	0	0	0	1	2
30	0	14	22	8	13	0	0	0	1	2
30	0	14	22	8	13	0	0	0	1	2
40	0	14	22	8	13	0	0	0	1	2
40	0	14	22	8	13	0	0	0	1	2
40	0	14	22	8	13	0	0	0	1	2
40	0	14	22	8	13	0	0	0	1	2
45	0	14	22	8	13	0	0	0	1	2
45	0	14	22	8	13	0	0	0	1	2
45	0	14	22	8	13	0	0	0	1	2
45	0	14	22	8	13	0	0	0	1	2
45	0	14	22	8	13	0	0	0	1	2
50	0	14	22	8	13	0	0	0	1	2
50	0	14	22	8	13	0	0	0	1	2
50	0	14	22	8	13	0	0	0	1	2
55	0	14	22	8	13	0	0	0	1	2
55	0	14	22	8	13	0	0	0	1	2
65	0	14	22	8	13	0	0	0	1	2
65	0	14	22	8	13	0	0	0	1	2
65	0	14	22	8	13	0	0	0	1	2
65	0	14	22	8	13	0	0	0	1	2
70	0	14	22	8	13	0	0	0	1	2
70	0	14	22	8	13	0	0	0	1	2
70	0	14	30	16	13	0	0	0	1	1
75	0	14	30	16	13	0	0	0	1	1
25	0	15	30	15	13	0	0	0	2	1
25	0	15	30	15	13	0	0	0	2	1
30	0	15	30	15	13	0	0	0	2	1
35	0	15	30	15	13	0	0	0	2	1
45	0	15	30	15	13	0	0	0	2	1
50	0	15	30	15	13	0	0	0	2	1
50	0	15	30	15	13	0	0	0	2	1
55	0	15	30	15	13	0	0	0	2	1
55	0	15	30	15	13	0	0	0	2	1
60	0	15	30	15	13	0	0	0	2	1
60	0	15	30	15	13	0	0	0	2	1
60	0	15	30	15	13	0	0	0	2	1
60	0	15	30	15	13	0	0	0	2	1
60	0	15	30	15	13	0	0	0	2	1
60	0	15	30	15	13	0	0	0	2	1
60	0	15	30	15	13	0	0	0	2	1
60	0	15	30	15	13	0	0	0	2	1
70	0	15	30	15	13	0	0	0	2	1
70	0	15	30	15	13	0	0	0	2	1
70	0	15	30	15	13	0	0	0	2	1
70	0	15	30	15	13	0	0	0	2	1
70	0	15	30	15	13	0	0	0	2	1
80	0	15	30	15	13	0	0	0	2	1
85	0	15	30	15	13	0	0	0	2	1
85	0	15	30	15	13	0	0	0	2	1
85	0	15	30	15	13	0	0	0	2	1
85	0	15	30	15	13	0	0	0	2	1
85	0	15	30	15	13	0	0	0	2	1
85	0	15	30	15	13	0	0	0	2	1
95	0	15	30	15	13	0	0	0	2	1
95	0	15	30	15	14	0	0	0	1	1
95	0	15	30	15	14	0	0	0	1	1
95	0	15	30	15	14	0	0	0	1	1
105	0	15	30	15	14	0	0	0	1	1
110	0	15	30	15	14	0	0	0	1	1
115	0	15	30	15	14	0	0	0	1	1
120	0	15	30	15	14	0	0	0	1	1
120	0	15	30	15	14	0	0	0	1	1
120	0	15	30	15	14	0	0	0	1	1
120	0	15	30	15	14	0	0	0	1	1
125	0	15	30	15	14	0	0	0	1	1
125	0	15	30	15	14	0	0	0	1	1
125	0	15	38	23	14	0	0	0	1	0
125	0	15	38	23	14	0	0	0	1	0
130	0	15	38	23	14	0	0	0	1	0
130	0	15	38	23	14	0	0	0	1	0
130	0	15	38	23	14	0	0	0	1	0
140	0	15	38	23	14	0	0	0	1	0
140	0	15	38	23	14	0	0	0	1	0
140	0	15	38	23	14	0	0	0	1	0
140	0	15	38	23	14	0	0	0	1	0
140	0	15	38	23	14	0	0	0	1	0
145	0	15	38	23	14	0	0	0	1	0
145	0	15	38	23	14	0	0	0	1	0
150	0	15	38	23	14	0	0	0	1	0
150	0	15	38	23	14	0	0	0	1	0
155	0	15	38	23	14	0	0	0	1	0
155	0	15	38	23	14	0	0	0	1	0
160	0	15	38	23	14	0	0	0	1	0
165	0	15	38	23	14	0	0	0	1	0
170	0	15	38	23	14	0	0	0	1	0
170	0	15	38	23	14	0	0	0	1	0
170	0	15	38	23	14	0	0	0	1	0
170	0	15	38	23	14	0	0	0	1	0
175	0	15	38	23	14	0	0	0	1	0
175	0	15	38	23	14	0	0	0	1	0
180	0	15	38	23	14	0	0	0	1	0
185	0	15	38	23	15	0	0	0	0	0
185	0	15	38	23	15	0	0	0	0	0
185	0	15	38	23	15	0	0	0	0	0
135	0	16	38	22	15	0	0	0	1	0
145	0	16	38	22	15	0	0	0	1	0
145	0	16	38	22	15	0	0	0	1	0
150	0	16	38	22	15	0	0	0	1	0
150	0	16	38	22	15	0	0	0	1	0
150	0	16	38	22	15	0	0	0	1	0
150	0	16	38	22	15	0	0	0	1	0
155	0	16	38	22	15	0	0	0	1	0
155	0	16	38	22	15	0	0	0	1	0
155	0	16	38	22	15	0	0	0	1	0
155	0	16	38	22	15	0	0	0	1	0
155	0	16	38	22	15	0	0	0	1	0
160	0	16	38	22	15	0	0	0	1	0
165	0	16	38	22	15	0	0	0	1	0
165	0	16	38	22	15	0	0	0	1	0
175	0	16	38	22	15	0	0	0	1	0
180	0	16	38	22	15	0	0	0	1	0
185	0	16	38	22	15	0	0	0	1	0
190	0	16	38	22	15	0	0	0	1	0
190	0	16	38	22	15	0	0	0	1	0
190	0	16	38	22	15	0	0	0	1	0
190	0	16	38	22	15	0	0	0	1	0
190	0	16	38	22	15	0	0	0	1	0
190	0	16	38	22	15	0	0	0	1	0
195	0	16	38	22	15	0	0	0	1	0
195	0	16	38	22	15	0	0	0	1	0
195	0	16	38	22	15	0	0	0	1	0
195	0	16	38	22	15	0	0	0	1	0
205	0	16	38	22	15	0	0	0	1	0
215	0	16	38	22	15	0	0	0	1	0
215	0	16	38	22	15	0	0	0	1	0
215	0	16	38	22	15	0	0	0	1	0
215	0	16	38	22	15	0	0	0	1	0
220	0	16	38	22	15	0	0	0	1	0
220	0	16	38	22	15	0	0	0	1	0
220	0	16	38	22	15	0	0	0	1	0
225	0	16	38	22	15	0	0	0	1	0
230	0	16	38	22	15	0	0	0	1	0
230	0	16	38	22	15	0	0	0	1	0
230	0	16	38	22	15	0	0	0	1	0
235	0	16	38	22	15	0	0	0	1	0
240	0	16	38	22	15	0	0	0	1	0
240	0	16	38	22	15	0	0	0	1	0
240	0	16	38	22	15	0	0	0	1	0
245	0	16	38	22	15	0	0	0	1	0
245	0	16	38	22	15	0	0	0	1	0
250	0	16	38	22	15	0	0	0	1	0
255	0	16	38	22	15	0	0	0	1	0
265	0	16	38	22	15	0	0	0	1	0
265	0	16	38	22	15	0	0	0	1	0
265	0	16	38	22	15	0	0	0	1	0
265	0	16	38	22	15	0	0	0	1	0
265	0	16	38	22	15	0	0	0	1	0
265	0	16	38	22	15	0	0	0	1	0
265	0	16	38	22	15	0	0	0	1	0
270	0	16	38	22	15	0	0	0	1	0
225	0	17	38	21	15	0	0	0	2	0
225	0	17	38	21	15	0	0	0	2	0
225	0	17	38	21	15	0	0	0	2	0
235	0	17	38	21	15	0	0	0	2	0
240	0	17	38	21	15	0	0	0	2	0
240	0	17	38	21	15	0	0	0	2	0
240	0	17	38	21	15	0	0	0	2	0
240	0	17	38	21	15	0	0	0	2	0
245	0	17	38	21	15	0	0	0	2	0
245	0	17	38	21	15	0	0	0	2	0
255	0	17	38	21	15	0	0	0	2	0
255	0	17	38	21	16	0	0	0	1	0
260	0	17	38	21	16	0	0	0	1	0
260	0	17	38	21	16	0	0	0	1	0
260	0	17	38	21	16	0	0	0	1	0
265	0	17	38	21	16	0	0	0	1	0
270	0	17	38	21	16	0	0	0	1	0
270	0	17	38	21	16	0	0	0	1	0
270	0	17	38	21	16	0	0	0	1	0
270	0	17	38	21	16	0	0	0	1	0
270	0	17	38	21	16	0	0	0	1	0
270	0	17	38	21	16	0	0	0	1	0
285	0	17	38	21	16	0	0	0	1	0
285	0	17	38	21	16	0	0	0	1	0
290	0	17	38	21	16	0	0	0	1	0
290	0	17	38	21	16	0	0	0	1	0
290	0	17	38	21	16	0	0	0	1	0
300	0	17	38	21	16	0	0	0	1	0
300	0	17	38	21	16	0	0	0	1	0
300	0	17	38	21	16	0	0	0	1	0
300	0	17	38	21	16	0	0	0	1	0
300	0	17	38	21	16	0	0	0	1	0
300	0	17	38	21	16	0	0	0	1	0
300	0	17	38	21	16	0	0	0	1	0
305	0	17	38	21	16	0	0	0	1	0
310	0	17	38	21	16	0	0	0	1	0
315	0	17	38	21	16	0	0	0	1	0
315	0	17	38	21	16	0	0	0	1	0
320	0	17	38	21	16	0	0	0	1	0
330	0	17	38	21	16	0	0	0	1	0
335	0	17	38	21	16	0	0	0	1	0
335	0	17	38	21	16	0	0	0	1	0
335	0	17	38	21	16	0	0	0	1	0
340	0	17	38	21	16	0	0	0	1	0
340	0	17	38	21	16	0	0	0	1	0
340	0	17	38	21	16	0	0	0	1	0
340	0	17	38	21	16	0	0	0	1	0
340	0	17	38	21	16	0	0	0	1	0
340	0	17	38	21	16	0	0	0	1	0
340	0	17	38	21	16	0	0	0	1	0
350	0	17	38	21	16	0	0	0	1	0
355	0	17	38	21	16	0	0	0	1	0
360	0	17	38	21	16	0	0	0	1	0
365	0	17	38	21	16	0	0	0	1	0
370	0	17	38	21	16	0	0	0	1	0
370	0	17	38	21	16	0	0	0	1	0
370	0	17	38	21	16	0	0	0	1	0
370	0	17	38	21	16	0	0	0	1	0
370	0	17	38	21	16	0	0	0	1	0
375	0	17	38	21	16	0	0	0	1	0
375	0	17	38	21	16	0	0	0	1	0
380	0	17	38	21	16	0	0	0	1	0
385	0	17	38	21	16	0	0	0	1	0
385	0	17	38	21	16	0	0	0	1	0
385	0	17	38	21	16	0	0	0	1	0
390	0	17	38	21	16	0	0	0	1	0
395	0	17	38	21	16	0	0	0	1	0
395	0	17	38	21	17	0	0	0	0	0
395	0	17	38	21	17	0	0	0	0	0
395	0	17	38	21	17	0	0	0	0	0
415	0	17	38	21	17	0	0	0	0	0
415	0	17	38	21	17	0	0	0	0	0
415	0	17	38	21	17	0	0	0	0	0
420	0	17	38	21	17	0	0	0	0	0
420	0	17	38	21	17	0	0	0	0	0
420	0	17	38	21	17	0	0	0	0	0
425	0	17	38	21	17	0	0	0	0	0
425	0	17	38	21	17	0	0	0	0	0
425	0	17	38	21	17	0	0	0	0	0
425	0	17	38	21	17	0	0	0	0	0
425	0	17	38	21	17	0	0	0	0	0
430	0	17	38	21	17	0	0	0	0	0
440	0	17	38	21	17	0	0	0	0	0
440	0	17	38	21	17	0	0	0	0	0
350	0	19	38	19	17	0	0	0	1	0
350	0	19	38	19	17	0	0	0	1	0
355	0	19	38	19	17	0	0	0	1	0
360	0	19	38	19	17	0	0	0	1	0
360	0	19	38	19	17	0	0	0	1	0
360	0	19	38	19	17	0	0	0	1	0
360	0	19	38	19	17	0	0	0	1	0
360	0	19	38	19	17	0	0	0	1	0
360	0	19	38	19	17	0	0	0	1	0
360	0	19	38	19	17	0	0	0	1	0
360	0	19	38	19	17	0	0	0	1	0
360	0	19	38	19	17	0	0	0	1	0
370	0	19	38	19	17	0	0	0	1	0
385	0	19	38	19	17	0	0	0	1	0
385	0	19	38	19	17	0	0	0	1	0
390	0	19	38	19	17	0	0	0	1	0
390	0	19	38	19	17	0	0	0	1	0
390	0	19	38	19	17	0	0	0	1	0
400	0	19	38	19	17	0	0	0	1	0
400	0	19	38	19	17	0	0	0	1	0
400	0	19	38	19	17	0	0	0	1	0
400	0	19	38	19	17	0	0	0	1	0
400	0	19	38	19	17	0	0	0	1	0
405	0	19	38	19	17	0	0	0	1	0
405	0	19	38	19	17	0	0	0	1	0
415	0	19	38	19	17	0	0	0	1	0
415	0	19	38	19	17	0	0	0	1	0
420	0	19	38	19	17	0	0	0	1	0
420	0	19	38	19	17	0	0	0	1	0
430	0	19	38	19	17	0	0	0	1	0
430	0	19	38	19	17	0	0	0	1	0
435	0	19	38	19	17	0	0	0	1	0
435	0	19	38	19	17	0	0	0	1	0
435	0	19	38	19	17	0	0	0	1	0
435	0	19	38	19	17	0	0	0	1	0
440	0	19	38	19	17	0	0	0	1	0
440	0	19	38	19	17	0	0	0	1	0
440	0	19	38	19	17	0	0	0	1	0
440	0	19	38	19	17	0	0	0	1	0
440	0	19	38	19	17	0	0	0	1	0
440	0	19	38	19	17	0	0	0	1	0
450	0	19	38	19	17	0	0	0	1	0
450	0	19	38	19	17	0	0	0	1	0
460	0	19	38	19	17	0	0	0	1	0
465	0	19	38	19	17	0	0	0	1	0
470	0	19	38	19	17	0	0	0	1	0
475	0	19	38	19	17	0	0	0	1	0
475	0	19	38	19	17	0	0	0	1	0
475	0	19	38	19	17	0	0	0	1	0
480	0	19	38	19	17	0	0	0	1	0
480	0	19	38	19	17	0	0	0	1	0
480	0	19	38	19	17	0	0	0	1	0
485	0	19	38	19	17	0	0	0	1	0
485	0	19	38	19	17	0	0	0	1	0
485	0	19	38	19	17	0	0	0	1	0
490	0	19	38	19	17	0	0	0	1	0
500	0	19	38	19	17	0	0	0	1	0
505	0	19	38	19	17	0	0	0	1	0
510	0	19	38	19	17	0	0	0	1	0
510	0	19	38	19	17	0	0	0	1	0
510	0	19	38	19	17	0	0	0	1	0
510	0	19	38	19	17	0	0	0	1	0
510	0	19	38	19	17	0	0	0	1	0
515	0	19	38	19	17	0	0	0	1	0
515	0	19	38	19	17	0	0	0	1	0
515	0	19	38	19	17	0	0	0	1	0
515	0	19	38	19	17	0	0	0	1	0
515	0	19	38	19	19	0	0	0	0	0
525	0	19	38	19	19	0	0	0	0	0
535	0	19	38	19	19	0	0	0	0	0
535	0	19	38	19	19	0	0	0	0	0
535	0	19	38	19	19	0	0	0	0	0
535	0	19	38	19	19	0	0	0	0	0
535	0	19	38	19	19	0	0	0	0	0
535	0	19	38	19	19	0	0	0	0	0
550	0	19	38	19	19	0	0	0	0	0
550	0	19	38	19	19	0	0	0	0	0
550	0	19	38	19	19	0	0	0	0	0
550	0	19	38	19	19	0	0	0	0	0
555	0	19	38	19	19	0	0	0	0	0
560	0	19	38	19	19	0	0	0	0	0
570	0	19	38	19	19	0	0	0	0	0
570	0	19	38	19	19	0	0	0	0	0
575	0	19	38	19	19	0	0	0	0	0
575	0	19	38	19	19	0	0	0	0	0
575	0	19	38	19	19	0	0	0	0	0
585	0	19	38	19	19	0	0	0	0	0
585	0	19	38	19	19	0	0	0	0	0
585	0	19	38	19	19	0	0	0	0	0
585	0	19	38	19	19	0	0	0	0	0
585	0	19	38	19	19	0	0	0	0	0
585	0	19	38	19	19	0	0	0	0	0
590	0	19	38	19	19	0	0	0	0	0
590	0	19	38	19	19	0	0	0	0	0
595	0	19	38	19	19	0	0	0	0	0
610	0	19	38	19	19	0	0	0	0	0
610	0	19	38	19	19	0	0	0	0	0
610	0	19	38	19	19	0	0	0	0	0
610	0	19	38	19	19	0	0	0	0	0
610	0	19	38	19	19	0	0	0	0	0
610	0	19	38	19	19	0	0	0	0	0
610	0	19	38	19	19	0	0	0	0	0
610	0	19	38	19	19	0	0	0	0	0
610	0	19	38	19	19	0	0	0	0	0
615	0	19	38	19	19	0	0	0	0	0
625	0	19	38	19	19	0	0	0	0	0
635	0	19	38	19	19	0	0	0	0	0
640	0	19	38	19	19	0	0	0	0	0
640	0	19	38	19	19	0	0	0	0	0
640	0	19	38	19	19	0	0	0	0	0
645	0	19	38	19	19	0	0	0	0	0
650	0	19	38	19	19	0	0	0	0	0
650	0	19	38	19	19	0	0	0	0	0
650	0	19	38	19	19	0	0	0	0	0
650	0	19	38	19	19	0	0	0	0	0
655	0	19	38	19	19	0	0	0	0	0
660	0	19	38	19	19	0	0	0	0	0
670	0	19	38	19	19	0	0	0	0	0
670	0	19	38	19	19	0	0	0	0	0
670	0	19	38	19	19	0	0	0	0	0
670	0	19	38	19	19	0	0	0	0	0
675	0	19	38	19	19	0	0	0	0	0
685	0	19	38	19	19	0	0	0	0	0
685	0	19	38	19	19	0	0	0	0	0
685	0	19	38	19	19	0	0	0	0	0
685	0	19	38	19	19	0	0	0	0	0
690	0	19	38	19	19	0	0	0	0	0
695	0	19	38	19	19	0	0	0	0	0
700	0	19	38	19	19	0	0	0	0	0
700	0	19	38	19	19	0	0	0	0	0
700	0	19	38	19	19	0	0	0	0	0
700	0	19	38	19	19	0	0	0	0	0
705	0	19	38	19	19	0	0	0	0	0
705	0	19	38	19	19	0	0	0	0	0
705	0	19	38	19	19	0	0	0	0	0
710	0	19	38	19	19	0	0	0	0	0
715	0	19	38	19	19	0	0	0	0	0
725	0	19	38	19	19	0	0	0	0	0
730	0	19	38	19	19	0	0	0	0	0
735	0	19	38	19	19	0	0	0	0	0
735	0	19	38	19	19	0	0	0	0	0
735	0	19	38	19	19	0	0	0	0	0
735	0	19	38	19	19	0	0	0	0	0
740	0	19	38	19	19	0	0	0	0	0
740	0	19	38	19	19	0	0	0	0	0
740	0	19	38	19	19	0	0	0	0	0
745	0	19	38	19	19	0	0	0	0	0
745	0	19	38	19	19	0	0	0	0	0
750	0	19	38	19	19	0	0	0	0	0
760	0	19	38	19	19	0	0	0	0	0
770	0	19	38	19	19	0	0	0	0	0
775	0	19	38	19	19	0	0	0	0	0
775	0	19	38	19	19	0	0	0	0	0
775	0	19	38	19	19	0	0	0	0	0
775	0	19	38	19	19	0	0	0	0	0
775	0	19	38	19	19	0	0	0	0	0
775	0	19	38	19	19	0	0	0	0	0
780	0	19	38	19	19	0	0	0	0	0
785	0	19	38	19	19	0	0	0	0	0
785	0	19	38	19	19	0	0	0	0	0
785	0	19	38	19	19	0	0	0	0	0
790	0	19	38	19	19	0	0	0	0	0
800	0	19	38	19	19	0	0	0	0	0
800	0	19	38	19	19	0	0	0	0	0
800	0	19	38	19	19	0	0	0	0	0
805	0	19	38	19	19	0	0	0	0	0
805	0	19	38	19	19	0	0	0	0	0
805	0	19	38	19	19	0	0	0	0	0
815	0	19	38	19	19	0	0	0	0	0
815	0	19	38	19	19	0	0	0	0	0
815	0	19	38	19	19	0	0	0	0	0
820	0	19	38	19	19	0	0	0	0	0
825	0	19	38	19	19	0	0	0	0	0
830	0	19	38	19	19	0	0	0	0	0
835	0	19	38	19	19	0	0	0	0	0
835	0	19	38	19	19	0	0	0	0	0
840	0	19	38	19	19	0	0	0	0	0
845	0	19	38	19	19	0	0	0	0	0
850	0	19	38	19	19	0	0	0	0	0
850	0	19	38	19	19	0	0	0	0	0
855	0	19	38	19	19	0	0	0	0	0
855	0	19	38	19	19	0	0	0	0	0
855	0	19	38	19	19	0	0	0	0	0
855	0	19	38	19	19	0	0	0	0	0
865	0	19	38	19	19	0	0	0	0	0
870	0	19	38	19	19	0	0	0	0	0
870	0	19	38	19	19	0	0	0	0	0
870	0	19	38	19	19	0	0	0	0	0
875	0	19	38	19	19	0	0	0	0	0
880	0	19	38	19	19	0	0	0	0	0
880	0	19	38	19	19	0	0	0	0	0
880	0	19	38	19	19	0	0	0	0	0
885	0	19	38	19	19	0	0	0	0	0
885	0	19	38	19	19	0	0	0	0	0
885	0	19	38	19	19	0	0	0	0	0
885	0	19	38	19	19	0	0	0	0	0
895	0	19	38	19	19	0	0	0	0	0
900	0	19	38	19	19	0	0	0	0	0
900	0	19	38	19	19	0	0	0	0	0
910	0	19	38	19	19	0	0	0	0	0
910	0	19	38	19	19	0	0	0	0	0
910	0	19	38	19	19	0	0	0	0	0
910	0	19	38	19	19	0	0	0	0	0
920	0	19	38	19	19	0	0	0	0	0
925	0	19	38	19	19	0	0	0	0	0
925	0	19	38	19	19	0	0	0	0	0
925	0	19	38	19	19	0	0	0	0	0
930	0	19	38	19	19	0	0	0	0	0
935	0	19	38	19	19	0	0	0	0	0
940	0	19	38	19	19	0	0	0	0	0
945	0	19	38	19	19	0	0	0	0	0
950	0	19	38	19	19	0	0	0	0	0
950	0	19	38	19	19	0	0	0	0	0
950	0	19	38	19	19	0	0	0	0	0
955	0	19	38	19	19	0	0	0	0	0
955	0	19	38	19	19	0	0	0	0	0
955	0	19	38	19	19	0	0	0	0	0
960	0	19	38	19	19	0	0	0	0	0
960	0	19	38	19	19	0	0	0	0	0
965	0	19	38	19	19	0	0	0	0	0
975	0	19	38	19	19	0	0	0	0	0
975	0	19	38	19	19	0	0	0	0	0
975	0	19	38	19	19	0	0	0	0	0
975	0	19	38	19	19	0	0	0	0	0
975	0	19	38	19	19	0	0	0	0	0
975	0	19	38	19	19	0	0	0	0	0
985	0	19	38	19	19	0	0	0	0	0
990	0	19	38	19	19	0	0	0	0	0
990	0	19	38	19	19	0	0	0	0	0
990	0	19	38	19	19	0	0	0	0	0
1005	0	19	38	19	19	0	0	0	0	0
1015	0	19	38	19	19	0	0	0	0	0
1015	0	19	38	19	19	0	0	0	0	0
1015	0	19	38	19	19	0	0	0	0	0
1015	0	19	38	19	19	0	0	0	0	0
1015	0	19	38	19	19	0	0	0	0	0
1015	0	19	38	19	19	0	0	0	0	0
1020	0	19	38	19	19	0	0	0	0	0
1020	0	19	38	19	19	0	0	0	0	0
1025	0	19	38	19	19	0	0	0	0	0
1025	0	19	38	19	19	0	0	0	0	0
1025	0	19	38	19	19	0	0	0	0	0
1040	0	19	38	19	19	0	0	0	0	0
1045	0	19	38	19	19	0	0	0	0	0
1045	0	19	38	19	19	0	0	0	0	0
1050	0	19	38	19	19	0	0	0	0	0
1055	0	19	38	19	19	0	0	0	0	0
1055	0	19	38	19	19	0	0	0	0	0
1055	0	19	38	19	19	0	0	0	0	0
1055	0	19	38	19	19	0	0	0	0	0
1060	0	19	38	19	19	0	0	0	0	0
1060	0	19	38	19	19	0	0	0	0	0
1065	0	19	38	19	19	0	0	0	0	0
1070	0	19	38	19	19	0	0	0	0	0
1075	0	19	38	19	19	0	0	0	0	0
1075	0	19	38	19	19	0	0	0	0	0
1075	0	19	38	19	19	0	0	0	0	0
1075	0	19	38	19	19	0	0	0	0	0
1085	0	19	38	19	19	0	0	0	0	0
1090	0	19	38	19	19	0	0	0	0	0
1090	0	19	38	19	19	0	0	0	0	0
1095	0	19	38	19	19	0	0	0	0	0
1100	0	19	38	19	19	0	0	0	0	0
1100	0	19	38	19	19	0	0	0	0	0
1105	0	19	38	19	19	0	0	0	0	0
1110	0	19	38	19	19	0	0	0	0	0
1115	0	19	38	19	19	0	0	0	0	0
1115	0	19	38	19	19	0	0	0	0	0
1115	0	19	38	19	19	0	0	0	0	0
1115	0	19	38	19	19	0	0	0	0	0
1115	0	19	38	19	19	0	0	0	0	0
1115	0	19	38	19	19	0	0	0	0	0
1120	0	19	38	19	19	0	0	0	0	0
1135	0	19	38	19	19	0	0	0	0	0
1140	0	19	38	19	19	0	0	0	0	0
1140	0	19	38	19	19	0	0	0	0	0
1145	0	19	38	19	19	0	0	0	0	0
1150	0	19	38	19	19	0	0	0	0	0
1150	0	19	38	19	19	0	0	0	0	0
1150	0	19	38	19	19	0	0	0	0	0
1155	0	19	38	19	19	0	0	0	0	0
1155	0	19	38	19	19	0	0	0	0	0
1155	0	19	38	19	19	0	0	0	0	0
1155	0	19	38	19	19	0	0	0	0	0
1155	0	19	38	19	19	0	0	0	0	0
1165	0	19	38	19	19	0	0	0	0	0
1170	0	19	38	19	19	0	0	0	0	0
1170	0	19	38	19	19	0	0	0	0	0
1175	0	19	38	19	19	0	0	0	0	0
1185	0	19	38	19	19	0	0	0	0	0
1190	0	19	38	19	19	0	0	0	0	0
1190	0	19	38	19	19	0	0	0	0	0
1195	0	19	38	19	19	0	0	0	0	0
1195	0	19	38	19	19	0	0	0	0	0
1195	0	19	38	19	19	0	0	0	0	0
1195	0	19	38	19	19	0	0	0	0	0
1200	0	19	38	19	19	0	0	0	0	0
1200	0	19	38	19	19	0	0	0	0	0
1200	0	19	38	19	19	0	0	0	0	0
1210	0	19	38	19	19	0	0	0	0	0
1220	0	19	38	19	19	0	0	0	0	0
1220	0	19	38	19	19	0	0	0	0	0
1220	0	19	38	19	19	0	0	0	0	0
1220	0	19	38	19	19	0	0	0	0	0
1225	0	19	38	19	19	0	0	0	0	0
1230	0	19	38	19	19	0	0	0	0	0
1230	0	19	38	19	19	0	0	0	0	0
1235	0	19	38	19	19	0	0	0	0	0
1240	0	19	38	19	19	0	0	0	0	0
1240	0	19	38	19	19	0	0	0	0	0
1240	0	19	38	19	19	0	0	0	0	0
1245	0	19	38	19	19	0	0	0	0	0
1255	0	19	38	19	19	0	0	0	0	0
1260	0	19	38	19	19	0	0	0	0	0
1260	0	19	38	19	19	0	0	0	0	0
1260	0	19	38	19	19	0	0	0	0	0
1260	0	19	38	19	19	0	0	0	0	0
1260	0	19	38	19	19	0	0	0	0	0
1265	0	19	38	19	19	0	0	0	0	0
1270	0	19	38	19	19	0	0	0	0	0
1270	0	19	38	19	19	0	0	0	0	0
1275	0	19	38	19	19	0	0	0	0	0
1280	0	19	38	19	19	0	0	0	0	0
1290	0	19	38	19	19	0	0	0	0	0
1290	0	19	38	19	19	0	0	0	0	0
1290	0	19	38	19	19	0	0	0	0	0
1290	0	19	38	19	19	0	0	0	0	0
1300	0	19	38	19	19	0	0	0	0	0
1300	0	19	38	19	19	0	0	0	0	0
1300	0	19	38	19	19	0	0	0	0	0
1300	0	19	38	19	19	0	0	0	0	0
1305	0	19	38	19	19	0	0	0	0	0
1305	0	19	38	19	19	0	0	0	0	0
1305	0	19	38	19	19	0	0	0	0	0
1315	0	19	38	19	19	0	0	0	0	0
1325	0	19	38	19	19	0	0	0	0	0
1330	0	19	38	19	19	0	0	0	0	0
1330	0	19	38	19	19	0	0	0	0	0
1330	0	19	38	19	19	0	0	0	0	0
1330	0	19	38	19	19	0	0	0	0	0
1340	0	19	38	19	19	0	0	0	0	0
1340	0	19	38	19	19	0	0	0	0	0
1345	0	19	38	19	19	0	0	0	0	0
1345	0	19	38	19	19	0	0	0	0	0
1345	0	19	38	19	19	0	0	0	0	0
1355	0	19	38	19	19	0	0	0	0	0
1360	0	19	38	19	19	0	0	0	0	0
1360	0	19	38	19	19	0	0	0	0	0
1360	0	19	38	19	19	0	0	0	0	0
1360	0	19	38	19	19	0	0	0	0	0
1360	0	19	38	19	19	0	0	0	0	0
1360	0	19	38	19	19	0	0	0	0	0
1365	0	19	38	19	19	0	0	0	0	0
1365	0	19	38	19	19	0	0	0	0	0
1380	0	19	38	19	19	0	0	0	0	0
1385	0	19	38	19	19	0	0	0	0	0
1385	0	19	38	19	19	0	0	0	0	0
1390	0	19	38	19	19	0	0	0	0	0
1395	0	19	38	19	19	0	0	0	0	0
1395	0	19	38	19	19	0	0	0	0	0
1395	0	19	38	19	19	0	0	0	0	0
1400	0	19	38	19	19	0	0	0	0	0
1400	0	19	38	19	19	0	0	0	0	0
1400	0	19	38	19	19	0	0	0	0	0
1400	0	19	38	19	19	0	0	0	0	0
1405	0	19	38	19	19	0	0	0	0	0
1410	0	19	38	19	19	0	0	0	0	0
1420	0	19	38	19	19	0	0	0	0	0
1430	0	19	38	19	19	0	0	0	0	0
1435	0	19	38	19	19	0	0	0	0	0
1435	0	19	38	19	19	0	0	0	0	0
1435	0	19	38	19	19	0	0	0	0	0
1440	0	19	38	19	19	0	0	0	0	0
1440	0	19	38	19	19	0	0	0	0	0
1440	0	19	38	19	19	0	0	0	0	0
1440	0	19	38	19	19	0	0	0	0	0
1440	0	19	38	19	19	0	0	0	0	0
1445	0	19	38	19	19	0	0	0	0	0
1445	0	19	38	19	19	0	0	0	0	0
1445	0	19	38	19	19	0	0	0	0	0
1450	0	19	38	19	19	0	0	0	0	0
1465	0	19	38	19	19	0	0	0	0	0
1465	0	19	38	19	19	0	0	0	0	0
1470	0	19	38	19	19	0	0	0	0	0
1470	0	19	38	19	19	0	0	0	0	0
1470	0	19	38	19	19	0	0	0	0	0
1475	0	19	38	19	19	0	0	0	0	0
1475	0	19	38	19	19	0	0	0	0	0
1485	0	19	38	19	19	0	0	0	0	0
1485	0	19	38	19	19	0	0	0	0	0
1485	0	19	38	19	19	0	0	0	0	0
1490	0	19	38	19	19	0	0	0	0	0
1495	0	19	38	19	19	0	0	0	0	0
1495	0	19	38	19	19	0	0	0	0	0
1500	0	19	38	19	19	0	0	0	0	0
1505	0	19	38	19	19	0	0	0	0	0
1505	0	19	38	19	19	0	0	0	0	0
1505	0	19	38	19	19	0	0	0	0	0
1515	0	19	38	19	19	0	0	0	0	0
1520	0	19	38	19	19	0	0	0	0	0
1525	0	19	38	19	19	0	0	0	0	0
1525	0	19	38	19	19	0	0	0	0	0
1525	0	19	38	19	19	0	0	0	0	0
1530	0	19	38	19	19	0	0	0	0	0
1535	0	19	38	19	19	0	0	0	0	0
1535	0	19	38	19	19	0	0	0	0	0
1535	0	19	38	19	19	0	0	0	0	0
1535	0	19	38	19	19	0	0	0	0	0
1545	0	19	38	19	19	0	0	0	0	0
1545	0	19	38	19	19	0	0	0	0	0
1545	0	19	38	19	19	0	0	0	0	0
1550	0	19	38	19	19	0	0	0	0	0
1550	0	19	38	19	19	0	0	0	0	0
1550	0	19	38	19	19	0	0	0	0	0
1560	0	19	38	19	19	0	0	0	0	0
1570	0	19	38	19	19	0	0	0	0	0
1570	0	19	38	19	19	0	0	0	0	0
1575	0	19	38	19	19	0	0	0	0	0
1575	0	19	38	19	19	0	0	0	0	0
1575	0	19	38	19	19	0	0	0	0	0
1575	0	19	38	19	19	0	0	0	0	0
1580	0	19	38	19	19	0	0	0	0	0
1585	0	19	38	19	19	0	0	0	0	0
1590	0	19	38	19	19	0	0	0	0	0
1590	0	19	38	19	19	0	0	0	0	0
1590	0	19	38	19	19	0	0	0	0	0
1600	0	19	38	19	19	0	0	0	0	0
1605	0	19	38	19	19	0	0	0	0	0
1605	0	19	38	19	19	0	0	0	0	0
1615	0	19	38	19	19	0	0	0	0	0
1615	0	19	38	19	19	0	0	0	0	0
1615	0	19	38	19	19	0	0	0	0	0
1615	0	19	38	19	19	0	0	0	0	0
1615	0	19	38	19	19	0	0	0	0	0
1620	0	19	38	19	19	0	0	0	0	0
1625	0	19	38	19	19	0	0	0	0	0
1630	0	19	38	19	19	0	0	0	0	0
1635	0	19	38	19	19	0	0	0	0	0
1640	0	19	38	19	19	0	0	0	0	0
1640	0	19	38	19	19	0	0	0	0	0
1640	0	19	38	19	19	0	0	0	0	0
1640	0	19	38	19	19	0	0	0	0	0
1645	0	19	38	19	19	0	0	0	0	0
1645	0	19	38	19	19	0	0	0	0	0
1645	0	19	38	19	19	0	0	0	0	0
1650	0	19	38	19	19	0	0	0	0	0
1655	0	19	38	19	19	0	0	0	0	0
1655	0	19	38	19	19	0	0	0	0	0
1660	0	19	38	19	19	0	0	0	0	0
1675	0	19	38	19	19	0	0	0	0	0
1680	0	19	38	19	19	0	0	0	0	0
1680	0	19	38	19	19	0	0	0	0	0
1680	0	19	38	19	19	0	0	0	0	0
1685	0	19	38	19	19	0	0	0	0	0
1685	0	19	38	19	19	0	0	0	0	0
1685	0	19	38	19	19	0	0	0	0	0
1685	0	19	38	19	19	0	0	0	0	0
1690	0	19	38	19	19	0	0	0	0	0
1690	0	19	38	19	19	0	0	0	0	0
1690	0	19	38	19	19	0	0	0	0	0
1705	0	19	38	19	19	0	0	0	0	0
1710	0	19	38	19	19	0	0	0	0	0
1710	0	19	38	19	19	0	0	0	0	0
1720	0	19	38	19	19	0	0	0	0	0
1720	0	19	38	19	19	0	0	0	0	0
1720	0	19	38	19	19	0	0	0	0	0
1720	0	19	38	19	19	0	0	0	0	0
1720	0	19	38	19	19	0	0	0	0	0
1720	0	19	38	19	19	0	0	0	0	0
1730	0	19	38	19	19	0	0	0	0	0
1730	0	19	38	19	19	0	0	0	0	0
1730	0	19	38	19	19	0	0	0	0	0
1735	0	19	38	19	19	0	0	0	0	0
1740	0	19	38	19	19	0	0	0	0	0
1590	0	22	38	16	19	0	0	0	1	0
1590	0	22	38	16	19	0	0	0	1	0
1595	0	22	38	16	19	0	0	0	1	0
1605	0	22	38	16	19	0	0	0	1	0
1605	0	22	38	16	19	0	0	0	1	0
1610	0	22	38	16	19	0	0	0	1	0
1620	0	22	38	16	19	0	0	0	1	0
1620	0	22	38	16	19	0	0	0	1	0
1620	0	22	38	16	19	0	0	0	1	0
1625	0	22	38	16	19	0	0	0	1	0
1630	0	22	38	16	19	0	0	0	1	0
1630	0	22	38	16	19	0	0	0	1	0
1630	0	22	38	16	19	0	0	0	1	0
1630	0	22	38	16	19	0	0	0	1	0
1630	0	22	38	16	19	0	0	0	1	0
1630	0	22	38	16	19	0	0	0	1	0
1640	0	22	38	16	19	0	0	0	1	0
1645	0	22	38	16	19	0	0	0	1	0
1655	0	22	38	16	19	0	0	0	1	0
1655	0	22	38	16	19	0	0	0	1	0
1655	0	22	38	16	19	0	0	0	1	0
1660	0	22	38	16	19	0	0	0	1	0
1670	0	22	38	16	19	0	0	0	1	0
1670	0	22	38	16	19	0	0	0	1	0
1670	0	22	38	16	19	0	0	0	1	0
1670	0	22	38	16	19	0	0	0	1	0
1670	0	22	38	16	19	0	0	0	1	0
1670	0	22	38	16	19	0	0	0	1	0
1670	0	22	38	16	19	0	0	0	1	0
1680	0	22	38	16	19	0	0	0	1	0
1685	0	22	38	16	19	0	0	0	1	0
1685	0	22	38	16	19	0	0	0	1	0
1690	0	22	38	16	19	0	0	0	1	0
1700	0	22	38	16	19	0	0	0	1	0
1705	0	22	38	16	19	0	0	0	1	0
1705	0	22	38	16	19	0	0	0	1	0
1710	0	22	38	16	19	0	0	0	1	0
1710	0	22	38	16	19	0	0	0	1	0
1710	0	22	38	16	19	0	0	0	1	0
1710	0	22	38	16	19	0	0	0	1	0
1710	0	22	38	16	19	0	0	0	1	0
1715	0	22	38	16	19	0	0	0	1	0
1715	0	22	38	16	19	0	0	0	1	0
1725	0	22	38	16	19	0	0	0	1	0
1730	0	22	38	16	19	0	0	0	1	0
1735	0	22	38	16	19	0	0	0	1	0
1735	0	22	38	16	19	0	0	0	1	0
1735	0	22	38	16	19	0	0	0	1	0
1740	0	22	38	16	19	0	0	0	1	0
1750	0	22	38	16	19	0	0	0	1	0
1750	0	22	38	16	19	0	0	0	1	0
1750	0	22	38	16	19	0	0	0	1	0
1755	0	22	38	16	19	0	0	0	1	0
1755	0	22	38	16	19	0	0	0	1	0
1755	0	22	38	16	19	0	0	0	1	0
1760	0	22	38	16	19	0	0	0	1	0
1770	0	22	38	16	19	0	0	0	1	0
1775	0	22	38	16	19	0	0	0	1	0
1775	0	22	38	16	19	0	0	0	1	0
1775	0	22	38	16	19	0	0	0	1	0
1780	0	22	38	16	19	0	0	0	1	0
1780	0	22	38	16	19	0	0	0	1	0
1780	0	22	38	16	19	0	0	0	1	0
1780	0	22	38	16	19	0	0	0	1	0
1785	0	22	38	16	19	0	0	0	1	0
1790	0	22	38	16	19	0	0	0	1	0
1790	0	22	38	16	19	0	0	0	1	0
1795	0	22	38	16	22	0	0	0	0	0
1805	0	22	38	16	22	0	0	0	0	0
1805	0	22	38	16	22	0	0	0	0	0
1810	0	22	38	16	22	0	0	0	0	0
1815	0	22	38	16	22	0	0	0	0	0
1815	0	22	38	16	22	0	0	0	0	0
1815	0	22	38	16	22	0	0	0	0	0
1815	0	22	38	16	22	0	0	0	0	0
1820	0	22	38	16	22	0	0	0	0	0
1825	0	22	38	16	22	0	0	0	0	0
1825	0	22	38	16	22	0	0	0	0	0
1830	0	22	38	16	22	0	0	0	0	0
1840	0	22	38	16	22	0	0	0	0	0
1845	0	22	38	16	22	0	0	0	0	0
1795	0	23	38	15	22	0	0	0	1	0
1795	0	23	38	15	22	0	0	0	1	0
1795	0	23	38	15	22	0	0	0	1	0
1805	0	23	38	15	22	0	0	0	1	0
1805	0	23	38	15	22	0	0	0	1	0
1805	0	23	38	15	22	0	0	0	1	0
1815	0	23	38	15	22	0	0	0	1	0
1815	0	23	38	15	22	0	0	0	1	0
1815	0	23	38	15	22	0	0	0	1	0
1820	0	23	38	15	22	0	0	0	1	0
1825	0	23	38	15	22	0	0	0	1	0
1825	0	23	38	15	22	0	0	0	1	0
1825	0	23	38	15	22	0	0	0	1	0
1825	0	23	38	15	22	0	0	0	1	0
1825	0	23	38	15	22	0	0	0	1	0
1830	0	23	38	15	22	0	0	0	1	0
1830	0	23	38	15	22	0	0	0	1	0
1845	0	23	38	15	22	0	0	0	1	0
1850	0	23	38	15	22	0	0	0	1	0
1850	0	23	38	15	22	0	0	0	1	0
1855	0	23	38	15	22	0	0	0	1	0
1860	0	23	38	15	22	0	0	0	1	0
1865	0	23	38	15	22	0	0	0	1	0
1865	0	23	38	15	22	0	0	0	1	0
1865	0	23	38	15	22	0	0	0	1	0
1865	0	23	38	15	22	0	0	0	1	0
1865	0	23	38	15	22	0	0	0	1	0
1865	0	23	38	15	22	0	0	0	1	0
1865	0	23	38	15	22	0	0	0	1	0
1870	0	23	38	15	22	0	0	0	1	0
1885	0	23	38	15	22	0	0	0	1	0
1890	0	23	38	15	22	0	0	0	1	0
1895	0	23	38	15	22	0	0	0	1	0
1905	0	23	38	15	22	0	0	0	1	0
1905	0	23	38	15	22	0	0	0	1	0
1905	0	23	38	15	22	0	0	0	1	0
1905	0	23	38	15	22	0	0	0	1	0
1905	0	23	38	15	22	0	0	0	1	0
1905	0	23	38	15	22	0	0	0	1	0
1905	0	23	38	15	22	0	0	0	1	0
1860	0	24	38	14	22	0	0	0	2	0
1860	0	24	38	14	22	0	0	0	2	0
1865	0	24	38	14	22	0	0	0	2	0
1870	0	24	38	14	22	0	0	0	2	0
1880	0	24	38	14	22	0	0	0	2	0
1885	0	24	38	14	22	0	0	0	2	0
1890	0	24	38	14	22	0	0	0	2	0
1895	0	24	38	14	22	0	0	0	2	0
1895	0	24	38	14	22	0	0	0	2	0
1895	0	24	38	14	22	0	0	0	2	0
1895	0	24	38	14	22	0	0	0	2	0
1895	0	24	38	14	22	0	0	0	2	0
1900	0	24	38	14	22	0	0	0	2	0
1900	0	24	38	14	22	0	0	0	2	0
1905	0	24	38	14	22	0	0	0	2	0
1910	0	24	38	14	22	0	0	0	2	0
1920	0	24	38	14	22	0	0	0	2	0
1925	0	24	38	14	22	0	0	0	2	0
1930	0	24	38	14	22	0	0	0	2	0
1935	0	24	38	14	22	0	0	0	2	0
1935	0	24	38	14	22	0	0	0	2	0
1935	0	24	38	14	22	0	0	0	2	0
1935	0	24	38	14	22	0	0	0	2	0
1940	0	24	38	14	22	0	0	0	2	0
1940	0	24	38	14	22	0	0	0	2	0
1940	0	24	38	14	22	0	0	0	2	0
1945	0	24	38	14	22	0	0	0	2	0
1950	0	24	38	14	23	0	0	0	1	0
1955	0	24	38	14	23	0	0	0	1	0
1960	0	24	38	14	23	0	0	0	1	0
1960	0	24	38	14	23	0	0	0	1	0
1965	0	24	38	14	23	0	0	0	1	0
1970	0	24	38	14	23	0	0	0	1	0
1975	0	24	38	14	23	0	0	0	1	0
1975	0	24	38	14	23	0	0	0	1	0
1980	0	24	38	14	23	0	0	0	1	0
1980	0	24	38	14	23	0	0	0	1	0
1980	0	24	38	14	23	0	0	0	1	0
1985	0	24	38	14	23	0	0	0	1	0
1995	0	24	38	14	23	0	0	0	1	0
1995	0	24	38	14	23	0	0	0	1	0
2000	0	24	38	14	23	0	0	0	1	0
2000	0	24	38	14	23	0	0	0	1	0
2000	0	24	38	14	23	0	0	0	1	0
2005	0	24	38	14	23	0	0	0	1	0
2010	0	24	38	14	23	0	0	0	1	0
2015	0	24	38	14	23	0	0	0	1	0
2015	0	24	38	14	23	0	0	0	1	0
2015	0	24	38	14	23	0	0	0	1	0
2020	0	24	38	14	23	0	0	0	1	0
2030	0	24	38	14	23	0	0	0	1	0
2030	0	24	38	14	23	0	0	0	1	0
2030	0	24	38	14	23	0	0	0	1	0
2030	0	24	38	14	23	0	0	0	1	0
2030	0	24	38	14	23	0	0	0	1	0
2035	0	24	38	14	23	0	0	0	1	0
2045	0	24	38	14	23	0	0	0	1	0
2045	0	24	38	14	23	0	0	0	1	0
2050	0	24	38	14	23	0	0	0	1	0
2055	0	24	38	14	23	0	0	0	1	0
2055	0	24	38	14	23	0	0	0	1	0
2065	0	24	38	14	23	0	0	0	1	0
2075	0	24	38	14	23	0	0	0	1	0
2075	0	24	38	14	23	0	0	0	1	0
2075	0	24	38	14	23	0	0	0	1	0
2075	0	24	38	14	23	0	0	0	1	0
2075	0	24	38	14	23	0	0	0	1	0
2075	0	24	38	14	24	0	0	0	0	0
2080	0	24	38	14	24	0	0	0	0	0
2085	0	24	38	14	24	0	0	0	0	0
2085	0	24	38	14	24	0	0	0	0	0
2090	0	24	38	14	24	0	0	0	0	0
2055	0	25	38	13	24	0	0	0	1	0
2060	0	25	38	13	24	0	0	0	1	0
2065	0	25	38	13	24	0	0	0	1	0
2065	0	25	38	13	24	0	0	0	1	0
2065	0	25	38	13	24	0	0	0	1	0
2065	0	25	38	13	24	0	0	0	1	0
2065	0	25	38	13	24	0	0	0	1	0
2065	0	25	38	13	24	0	0	0	1	0
2065	0	25	38	13	24	0	0	0	1	0
2070	0	25	38	13	24	0	0	0	1	0
2075	0	25	38	13	24	0	0	0	1	0
2085	0	25	38	13	24	0	0	0	1	0
2095	0	25	38	13	24	0	0	0	1	0
2105	0	25	38	13	24	0	0	0	1	0
2105	0	25	38	13	24	0	0	0	1	0
2105	0	25	38	13	24	0	0	0	1	0
2105	0	25	38	13	24	0	0	0	1	0
2105	0	25	38	13	24	0	0	0	1	0
2105	0	25	38	13	24	0	0	0	1	0
2105	0	25	38	13	24	0	0	0	1	0
2110	0	25	38	13	24	0	0	0	1	0
2110	0	25	38	13	24	0	0	0	1	0
2110	0	25	38	13	24	0	0	0	1	0
2125	0	25	38	13	24	0	0	0	1	0
2130	0	25	38	13	24	0	0	0	1	0
2135	0	25	38	13	24	0	0	0	1	0
2140	0	25	38	13	24	0	0	0	1	0
2140	0	25	38	13	24	0	0	0	1	0
2145	0	25	38	13	24	0	0	0	1	0
2145	0	25	38	13	24	0	0	0	1	0
2145	0	25	38	13	24	0	0	0	1	0
2145	0	25	38	13	24	0	0	0	1	0
2150	0	25	38	13	24	0	0	0	1	0
2150	0	25	38	13	24	0	0	0	1	0
2150	0	25	38	13	24	0	0	0	1	0
2160	0	25	38	13	24	0	0	0	1	0
2175	0	25	38	13	24	0	0	0	1	0
2175	0	25	38	13	24	0	0	0	1	0
2180	0	25	38	13	24	0	0	0	1	0
2185	0	25	38	13	24	0	0	0	1	0
2185	0	25	38	13	24	0	0	0	1	0
2185	0	25	38	13	24	0	0	0	1	0
2185	0	25	38	13	24	0	0	0	1	0
2190	0	25	38	13	24	0	0	0	1	0
2190	0	25	38	13	24	0	0	0	1	0
2195	0	25	38	13	24	0	0	0	1	0
2205	0	25	38	13	24	0	0	0	1	0
2210	0	25	38	13	24	0	0	0	1	0
2215	0	25	38	13	24	0	0	0	1	0
2215	0	25	38	13	24	0	0	0	1	0
2215	0	25	38	13	24	0	0	0	1	0
2215	0	25	38	13	24	0	0	0	1	0
2220	0	25	38	13	24	0	0	0	1	0
2220	0	25	38	13	24	0	0	0	1	0
2220	0	25	38	13	24	0	0	0	1	0
2230	0	25	38	13	24	0	0	0	1	0
2230	0	25	38	13	24	0	0	0	1	0
2230	0	25	38	13	24	0	0	0	1	0
2240	0	25	38	13	24	0	0	0	1	0
2250	0	25	38	13	24	0	0	0	1	0
2250	0	25	38	13	24	0	0	0	1	0
2250	0	25	38	13	24	0	0	0	1	0
2255	0	25	38	13	24	0	0	0	1	0
2260	0	25	38	13	24	0	0	0	1	0
2260	0	25	38	13	24	0	0	0	1	0
2260	0	25	38	13	24	0	0	0	1	0
2270	0	25	38	13	24	0	0	0	1	0
2270	0	25	38	13	25	0	0	0	0	0
2270	0	25	38	13	25	0	0	0	0	0
2275	0	25	38	13	25	0	0	0	0	0
2235	0	26	38	12	25	0	0	0	1	0
2240	0	26	38	12	25	0	0	0	1	0
2240	0	26	38	12	25	0	0	0	1	0
2240	0	26	38	12	25	0	0	0	1	0
2250	0	26	38	12	25	0	0	0	1	0
2250	0	26	38	12	25	0	0	0	1	0
2250	0	26	38	12	25	0	0	0	1	0
2250	0	26	38	12	25	0	0	0	1	0
2255	0	26	38	12	25	0	0	0	1	0
2255	0	26	38	12	25	0	0	0	1	0
2255	0	26	38	12	25	0	0	0	1	0
2265	0	26	38	12	25	0	0	0	1	0
2280	0	26	38	12	25	0	0	0	1	0
2280	0	26	38	12	25	0	0	0	1	0
2285	0	26	38	12	25	0	0	0	1	0
2285	0	26	38	12	25	0	0	0	1	0
2285	0	26	38	12	25	0	0	0	1	0
2290	0	26	38	12	25	0	0	0	1	0
2290	0	26	38	12	25	0	0	0	1	0
2295	0	26	38	12	25	0	0	0	1	0
2295	0	26	38	12	25	0	0	0	1	0
2295	0	26	38	12	25	0	0	0	1	0
2300	0	26	38	12	25	0	0	0	1	0
2310	0	26	38	12	25	0	0	0	1	0
2320	0	26	38	12	25	0	0	0	1	0
2325	0	26	38	12	25	0	0	0	1	0
2325	0	26	38	12	25	0	0	0	1	0
2325	0	26	38	12	25	0	0	0	1	0
2325	0	26	38	12	25	0	0	0	1	0
2330	0	26	38	12	25	0	0	0	1	0
2330	0	26	38	12	25	0	0	0	1	0
2335	0	26	38	12	25	0	0	0	1	0
2335	0	26	38	12	25	0	0	0	1	0
2335	0	26	38	12	25	0	0	0	1	0
2345	0	26	38	12	25	0	0	0	1	0
2360	0	26	38	12	25	0	0	0	1	0
2360	0	26	38	12	25	0	0	0	1	0
2360	0	26	38	12	25	0	0	0	1	0
2360	0	26	38	12	25	0	0	0	1	0
2360	0	26	38	12	25	0	0	0	1	0
2365	0	26	38	12	25	0	0	0	1	0
2365	0	26	38	12	25	0	0	0	1	0
2370	0	26	38	12	25	0	0	0	1	0
2370	0	26	38	12	25	0	0	0	1	0
2375	0	26	38	12	25	0	0	0	1	0
2380	0	26	38	12	25	0	0	0	1	0
2390	0	26	38	12	25	0	0	0	1	0
2395	0	26	38	12	25	0	0	0	1	0
2400	0	26	38	12	25	0	0	0	1	0
2400	0	26	38	12	25	0	0	0	1	0
2400	0	26	38	12	25	0	0	0	1	0
2400	0	26	38	12	25	0	0	0	1	0
2400	0	26	38	12	25	0	0	0	1	0
2405	0	26	38	12	25	0	0	0	1	0
2410	0	26	38	12	25	0	0	0	1	0
2410	0	26	38	12	25	0	0	0	1	0
2415	0	26	38	12	25	0	0	0	1	0
2425	0	26	38	12	25	0	0	0	1	0
2435	0	26	38	12	25	0	0	0	1	0
2440	0	26	38	12	25	0	0	0	1	0
2440	0	26	38	12	25	0	0	0	1	0
2440	0	26	38	12	25	0	0	0	1	0
2440	0	26	38	12	25	0	0	0	1	0
2440	0	26	38	12	25	0	0	0	1	0
2445	0	26	38	12	25	0	0	0	1	0
2450	0	26	38	12	25	0	0	0	1	0
2450	0	26	38	12	25	0	0	0	1	0
2450	0	26	38	12	26	0	0	0	0	0
2465	0	26	38	12	26	0	0	0	0	0
2470	0	26	38	12	26	0	0	0	0	0
2475	0	26	38	12	26	0	0	0	0	0
2480	0	26	38	12	26	0	0	0	0	0
2480	0	26	38	12	26	0	0	0	0	0
2480	0	26	38	12	26	0	0	0	0	0
2480	0	26	38	12	26	0	0	0	0	0
2485	0	26	38	12	26	0	0	0	0	0
2485	0	26	38	12	26	0	0	0	0	0
2490	0	26	38	12	26	0	0	0	0	0
2490	0	26	38	12	26	0	0	0	0	0
2495	0	26	38	12	26	0	0	0	0	0
2505	0	26	38	12	26	0	0	0	0	0
2515	0	26	38	12	26	0	0	0	0	0
2520	0	26	38	12	26	0	0	0	0	0
2520	0	26	38	12	26	0	0	0	0	0
2520	0	26	38	12	26	0	0	0	0	0
2520	0	26	38	12	26	0	0	0	0	0
2520	0	26	38	12	26	0	0	0	0	0
2520	0	26	38	12	26	0	0	0	0	0
2525	0	26	38	12	26	0	0	0	0	0
2525	0	26	38	12	26	0	0	0	0	0
2530	0	26	38	12	26	0	0	0	0	0
2535	0	26	38	12	26	0	0	0	0	0
2550	0	26	38	12	26	0	0	0	0	0
2555	0	26	38	12	26	0	0	0	0	0
2555	0	26	38	12	26	0	0	0	0	0
2560	0	26	38	12	26	0	0	0	0	0
2560	0	26	38	12	26	0	0	0	0	0
2560	0	26	38	12	26	0	0	0	0	0
2560	0	26	38	12	26	0	0	0	0	0
2565	0	26	38	12	26	0	0	0	0	0
2465	0	28	38	10	26	0	0	0	1	0
2465	0	28	38	10	26	0	0	0	1	0
2475	0	28	38	10	26	0	0	0	1	0
2485	0	28	38	10	26	0	0	0	1	0
2500	0	28	38	10	26	0	0	0	1	0
2500	0	28	38	10	26	0	0	0	1	0
2500	0	28	38	10	26	0	0	0	1	0
2500	0	28	38	10	26	0	0	0	1	0
2500	0	28	38	10	26	0	0	0	1	0
2500	0	28	38	10	26	0	0	0	1	0
2500	0	28	38	10	26	0	0	0	1	0
2505	0	28	38	10	26	0	0	0	1	0
2505	0	28	38	10	26	0	0	0	1	0
2510	0	28	38	10	26	0	0	0	1	0
2515	0	28	38	10	26	0	0	0	1	0
2530	0	28	38	10	26	0	0	0	1	0
2535	0	28	38	10	26	0	0	0	1	0
2540	0	28	38	10	26	0	0	0	1	0
2540	0	28	38	10	26	0	0	0	1	0
2540	0	28	38	10	26	0	0	0	1	0
2540	0	28	38	10	26	0	0	0	1	0
2540	0	28	38	10	26	0	0	0	1	0
2540	0	28	38	10	26	0	0	0	1	0
2545	0	28	38	10	26	0	0	0	1	0
2545	0	28	38	10	26	0	0	0	1	0
2545	0	28	38	10	26	0	0	0	1	0
2555	0	28	38	10	26	0	0	0	1	0
2565	0	28	38	10	26	0	0	0	1	0
2565	0	28	38	10	26	0	0	0	1	0
2570	0	28	38	10	26	0	0	0	1	0
2575	0	28	38	10	26	0	0	0	1	0
2580	0	28	38	10	26	0	0	0	1	0
2580	0	28	38	10	26	0	0	0	1	0
2580	0	28	38	10	26	0	0	0	1	0
2585	0	28	38	10	26	0	0	0	1	0
2585	0	28	38	10	26	0	0	0	1	0
2590	0	28	38	10	26	0	0	0	1	0
2590	0	28	38	10	26	0	0	0	1	0
2605	0	28	38	10	26	0	0	0	1	0
2610	0	28	38	10	26	0	0	0	1	0
2615	0	28	38	10	26	0	0	0	1	0
2615	0	28	38	10	26	0	0	0	1	0
2615	0	28	38	10	26	0	0	0	1	0
2615	0	28	38	10	26	0	0	0	1	0
2615	0	28	38	10	26	0	0	0	1	0
2620	0	28	38	10	26	0	0	0	1	0
2625	0	28	38	10	26	0	0	0	1	0
2625	0	28	38	10	26	0	0	0	1	0
2635	0	28	38	10	26	0	0	0	1	0
2640	0	28	38	10	26	0	0	0	1	0
2650	0	28	38	10	26	0	0	0	1	0
2650	0	28	38	10	26	0	0	0	1	0
2650	0	28	38	10	26	0	0	0	1	0
2650	0	28	38	10	26	0	0	0	1	0
2655	0	28	38	10	26	0	0	0	1	0
2655	0	28	38	10	26	0	0	0	1	0
2655	0	28	38	10	26	0	0	0	1	0
2665	0	28	38	10	26	0	0	0	1	0
2665	0	28	38	10	26	0	0	0	1	0
2670	0	28	38	10	26	0	0	0	1	0
2680	0	28	38	10	26	0	0	0	1	0
2685	0	28	38	10	26	0	0	0	1	0
2690	0	28	38	10	26	0	0	0	1	0
2690	0	28	38	10	26	0	0	0	1	0
2690	0	28	38	10	26	0	0	0	1	0
2690	0	28	38	10	26	0	0	0	1	0
2690	0	28	38	10	26	0	0	0	1	0
2695	0	28	38	10	28	0	0	0	0	0
2700	0	28	38	10	28	0	0	0	0	0
2705	0	28	38	10	28	0	0	0	0	0
2705	0	28	38	10	28	0	0	0	0	0
2715	0	28	38	10	28	0	0	0	0	0
2670	0	29	38	9	28	0	0	0	1	0
2680	0	29	38	9	28	0	0	0	1	0
2680	0	29	38	9	28	0	0	0	1	0
2680	0	29	38	9	28	0	0	0	1	0
2680	0	29	38	9	28	0	0	0	1	0
2680	0	29	38	9	28	0	0	0	1	0
2685	0	29	38	9	28	0	0	0	1	0
2685	0	29	38	9	28	0	0	0	1	0
2695	0	29	38	9	28	0	0	0	1	0
2695	0	29	38	9	28	0	0	0	1	0
2700	0	29	38	9	28	0	0	0	1	0
2705	0	29	38	9	28	0	0	0	1	0
2715	0	29	38	9	28	0	0	0	1	0
2720	0	29	38	9	28	0	0	0	1	0
2720	0	29	38	9	28	0	0	0	1	0
2720	0	29	38	9	28	0	0	0	1	0
2720	0	29	38	9	28	0	0	0	1	0
2725	0	29	38	9	28	0	0	0	1	0
2725	0	29	38	9	28	0	0	0	1	0
2725	0	29	38	9	28	0	0	0	1	0
2730	0	29	38	9	28	0	0	0	1	0
2730	0	29	38	9	28	0	0	0	1	0
2730	0	29	38	9	28	0	0	0	1	0
2740	0	29	38	9	28	0	0	0	1	0
2755	0	29	38	9	28	0	0	0	1	0
2755	0	29	38	9	28	0	0	0	1	0
2760	0	29	38	9	28	0	0	0	1	0
2760	0	29	38	9	28	0	0	0	1	0
2765	0	29	38	9	28	0	0	0	1	0
2765	0	29	38	9	28	0	0	0	1	0
2765	0	29	38	9	28	0	0	0	1	0
2770	0	29	38	9	28	0	0	0	1	0
2770	0	29	38	9	28	0	0	0	1	0
2770	0	29	38	9	28	0	0	0	1	0
2775	0	29	38	9	28	0	0	0	1	0
2785	0	29	38	9	28	0	0	0	1	0
2795	0	29	38	9	28	0	0	0	1	0
2800	0	29	38	9	28	0	0	0	1	0
2800	0	29	38	9	28	0	0	0	1	0
2800	0	29	38	9	28	0	0	0	1	0
2805	0	29	38	9	28	0	0	0	1	0
2805	0	29	38	9	28	0	0	0	1	0
2805	0	29	38	9	28	0	0	0	1	0
2810	0	29	38	9	28	0	0	0	1	0
2810	0	29	38	9	28	0	0	0	1	0
2810	0	29	38	9	28	0	0	0	1	0
2820	0	29	38	9	28	0	0	0	1	0
2825	0	29	38	9	28	0	0	0	1	0
2830	0	29	38	9	28	0	0	0	1	0
2830	0	29	38	9	28	0	0	0	1	0
2835	0	29	38	9	28	0	0	0	1	0
2845	0	29	38	9	28	0	0	0	1	0
2845	0	29	38	9	28	0	0	0	1	0
2845	0	29	38	9	28	0	0	0	1	0
2850	0	29	38	9	28	0	0	0	1	0
2850	0	29	38	9	28	0	0	0	1	0
2850	0	29	38	9	28	0	0	0	1	0
2855	0	29	38	9	28	0	0	0	1	0
2860	0	29	38	9	28	0	0	0	1	0
2865	0	29	38	9	28	0	0	0	1	0
2870	0	29	38	9	28	0	0	0	1	0
2875	0	29	38	9	28	0	0	0	1	0
2875	0	29	38	9	28	0	0	0	1	0
2885	0	29	38	9	28	0	0	0	1	0
2885	0	29	38	9	28	0	0	0	1	0
2890	0	29	38	9	28	0	0	0	1	0
2890	0	29	38	9	28	0	0	0	1	0
2890	0	29	38	9	29	0	0	0	0	0
2890	0	29	38	9	29	0	0	0	0	0
2895	0	29	38	9	29	0	0	0	0	0
2905	0	29	38	9	29	0	0	0	0	0
2910	0	29	38	9	29	0	0	0	0	0
2915	0	29	38	9	29	0	0	0	0	0
2915	0	29	38	9	29	0	0	0	0	0
2915	0	29	38	9	29	0	0	0	0	0
2915	0	29	38	9	29	0	0	0	0	0
2920	0	29	38	9	29	0	0	0	0	0
2925	0	29	38	9	29	0	0	0	0	0
2930	0	29	38	9	29	0	0	0	0	0
2930	0	29	38	9	29	0	0	0	0	0
2890	0	30	38	8	29	0	0	0	1	0
2890	0	30	38	8	29	0	0	0	1	0
2900	0	30	38	8	29	0	0	0	1	0
2900	0	30	38	8	29	0	0	0	1	0
2905	0	30	38	8	29	0	0	0	1	0
2905	0	30	38	8	29	0	0	0	1	0
2910	0	30	38	8	29	0	0	0	1	0
2910	0	30	38	8	29	0	0	0	1	0
2910	0	30	38	8	29	0	0	0	1	0
2915	0	30	38	8	29	0	0	0	1	0
2920	0	30	38	8	29	0	0	0	1	0
2920	0	30	38	8	29	0	0	0	1	0
2930	0	30	38	8	29	0	0	0	1	0
2940	0	30	38	8	29	0	0	0	1	0
2940	0	30	38	8	29	0	0	0	1	0
2945	0	30	38	8	29	0	0	0	1	0
2945	0	30	38	8	29	0	0	0	1	0
2945	0	30	38	8	29	0	0	0	1	0
2950	0	30	38	8	29	0	0	0	1	0
2960	0	30	38	8	29	0	0	0	1	0
2960	0	30	38	8	29	0	0	0	1	0
2960	0	30	38	8	29	0	0	0	1	0
2960	0	30	38	8	29	0	0	0	1	0
2960	0	30	38	8	29	0	0	0	1	0
2980	0	30	38	8	29	0	0	0	1	0
2980	0	30	38	8	29	0	0	0	1	0
2980	0	30	38	8	29	0	0	0	1	0
2985	0	30	38	8	29	0	0	0	1	0
2935	0	31	38	7	29	0	0	0	2	0
2940	0	31	38	7	29	0	0	0	2	0
2940	0	31	38	7	29	0	0	0	2	0
2940	0	31	38	7	29	0	0	0	2	0
2945	0	31	38	7	29	0	0	0	2	0
2950	0	31	38	7	29	0	0	0	2	0
2950	0	31	38	7	29	0	0	0	2	0
2960	0	31	38	7	29	0	0	0	2	0
2965	0	31	38	7	29	0	0	0	2	0
2970	0	31	38	7	29	0	0	0	2	0
2975	0	31	38	7	29	0	0	0	2	0
2975	0	31	38	7	29	0	0	0	2	0
2975	0	31	38	7	29	0	0	0	2	0
2980	0	31	38	7	29	0	0	0	2	0
2980	0	31	38	7	29	0	0	0	2	0
2980	0	31	38	7	29	0	0	0	2	0
2980	0	31	38	7	29	0	0	0	2	0
2985	0	31	38	7	29	0	0	0	2	0
3000	0	31	38	7	29	0	0	0	2	0
3005	0	31	38	7	29	0	0	0	2	0
3010	0	31	38	7	29	0	0	0	2	0
3010	0	31	38	7	29	0	0	0	2	0
3015	0	31	38	7	29	0	0	0	2	0
3015	0	31	38	7	29	0	0	0	2	0
3020	0	31	38	7	29	0	0	0	2	0
3020	0	31	38	7	29	0	0	0	2	0
3020	0	31	38	7	29	0	0	0	2	0
3025	0	31	38	7	29	0	0	0	2	0
3030	0	31	38	7	29	0	0	0	2	0
3030	0	31	38	7	29	0	0	0	2	0
3040	0	31	38	7	29	0	0	0	2	0
3050	0	31	38	7	29	0	0	0	2	0
3050	0	31	38	7	29	0	0	0	2	0
3055	0	31	38	7	29	0	0	0	2	0
3055	0	31	38	7	29	0	0	0	2	0
3060	0	31	38	7	29	0	0	0	2	0
3060	0	31	38	7	29	0	0	0	2	0
3060	0	31	38	7	29	0	0	0	2	0
3065	0	31	38	7	29	0	0	0	2	0
3065	0	31	38	7	30	0	0	0	1	0
3065	0	31	38	7	30	0	0	0	1	0
3070	0	31	38	7	30	0	0	0	1	0
3080	0	31	38	7	30	0	0	0	1	0
3090	0	31	38	7	30	0	0	0	1	0
3090	0	31	38	7	30	0	0	0	1	0
3095	0	31	38	7	30	0	0	0	1	0
3095	0	31	38	7	30	0	0	0	1	0
3100	0	31	38	7	30	0	0	0	1	0
3100	0	31	38	7	30	0	0	0	1	0
3100	0	31	38	7	30	0	0	0	1	0
3100	0	31	38	7	30	0	0	0	1	0
3105	0	31	38	7	30	0	0	0	1	0
3115	0	31	38	7	30	0	0	0	1	0
3120	0	31	38	7	30	0	0	0	1	0
3120	0	31	38	7	30	0	0	0	1	0
3130	0	31	38	7	30	0	0	0	1	0
3135	0	31	38	7	30	0	0	0	1	0
3135	0	31	38	7	30	0	0	0	1	0
3090	0	32	38	6	30	0	0	0	2	0
3090	0	32	38	6	30	0	0	0	2	0
3090	0	32	38	6	30	0	0	0	2	0
3095	0	32	38	6	30	0	0	0	2	0
3095	0	32	38	6	30	0	0	0	2	0
3100	0	32	38	6	30	0	0	0	2	0
3110	0	32	38	6	30	0	0	0	2	0
3115	0	32	38	6	30	0	0	0	2	0
3120	0	32	38	6	30	0	0	0	2	0
3120	0	32	38	6	31	0	0	0	1	0
3125	0	32	38	6	31	0	0	0	1	0
3125	0	32	38	6	31	0	0	0	1	0
3130	0	32	38	6	31	0	0	0	1	0
3130	0	32	38	6	31	0	0	0	1	0
3135	0	32	38	6	31	0	0	0	1	0
3140	0	32	38	6	31	0	0	0	1	0
3140	0	32	38	6	31	0	0	0	1	0
3140	0	32	38	6	31	0	0	0	1	0
3150	0	32	38	6	31	0	0	0	1	0
3155	0	32	38	6	31	0	0	0	1	0
3160	0	32	38	6	31	0	0	0	1	0
3165	0	32	38	6	31	0	0	0	1	0
3165	0	32	38	6	31	0	0	0	1	0
3165	0	32	38	6	31	0	0	0	1	0
3170	0	32	38	6	31	0	0	0	1	0
3175	0	32	38	6	31	0	0	0	1	0
3175	0	32	38	6	31	0	0	0	1	0
3175	0	32	38	6	31	0	0	0	1	0
3180	0	32	38	6	31	0	0	0	1	0
3180	0	32	38	6	31	0	0	0	1	0
3190	0	32	38	6	31	0	0	0	1	0
3200	0	32	38	6	31	0	0	0	1	0
3200	0	32	38	6	31	0	0	0	1	0
3205	0	32	38	6	31	0	0	0	1	0
3205	0	32	38	6	31	0	0	0	1	0
3205	0	32	38	6	31	0	0	0	1	0
3210	0	32	38	6	31	0	0	0	1	0
3210	0	32	38	6	31	0	0	0	1	0
3210	0	32	38	6	31	0	0	0	1	0
3215	0	32	38	6	31	0	0	0	1	0
3220	0	32	38	6	31	0	0	0	1	0
3230	0	32	38	6	31	0	0	0	1	0
3235	0	32	38	6	31	0	0	0	1	0
3240	0	32	38	6	31	0	0	0	1	0
3245	0	32	38	6	31	0	0	0	1	0
3245	0	32	38	6	31	0	0	0	1	0
3245	0	32	38	6	31	0	0	0	1	0
3250	0	32	38	6	31	0	0	0	1	0
3250	0	32	38	6	31	0	0	0	1	0
3255	0	32	38	6	31	0	0	0	1	0
3255	0	32	38	6	31	0	0	0	1	0
3260	0	32	38	6	31	0	0	0	1	0
3265	0	32	38	6	31	0	0	0	1	0
3275	0	32	38	6	31	0	0	0	1	0
3280	0	32	38	6	31	0	0	0	1	0
3280	0	32	38	6	31	0	0	0	1	0
3285	0	32	38	6	31	0	0	0	1	0
3285	0	32	38	6	31	0	0	0	1	0
3285	0	32	38	6	31	0	0	0	1	0
3290	0	32	38	6	31	0	0	0	1	0
3290	0	32	38	6	31	0	0	0	1	0
3295	0	32	38	6	31	0	0	0	1	0
3300	0	32	38	6	31	0	0	0	1	0
3300	0	32	38	6	31	0	0	0	1	0
3310	0	32	38	6	31	0	0	0	1	0
3315	0	32	38	6	31	0	0	0	1	0
3315	0	32	38	6	31	0	0	0	1	0
3320	0	32	38	6	32	0	0	0	0	0
3320	0	32	38	6	32	0	0	0	0	0
3325	0	32	38	6	32	0	0	0	0	0
3330	0	32	38	6	32	0	0	0	0	0
3330	0	32	38	6	32	0	0	0	0	0
3340	0	32	38	6	32	0	0	0	0	0
3340	0	32	38	6	32	0	0	0	0	0
3340	0	32	38	6	32	0	0	0	0	0
3350	0	32	38	6	32	0	0	0	0	0
3305	0	33	38	5	32	0	0	0	1	0
3310	0	33	38	5	32	0	0	0	1	0
3315	0	33	38	5	32	0	0	0	1	0
3315	0	33	38	5	32	0	0	0	1	0
3315	0	33	38	5	32	0	0	0	1	0
3315	0	33	38	5	32	0	0	0	1	0
3320	0	33	38	5	32	0	0	0	1	0
3325	0	33	38	5	32	0	0	0	1	0
3330	0	33	38	5	32	0	0	0	1	0
3330	0	33	38	5	32	0	0	0	1	0
3335	0	33	38	5	32	0	0	0	1	0
3340	0	33	38	5	32	0	0	0	1	0
3345	0	33	38	5	32	0	0	0	1	0
3350	0	33	38	5	32	0	0	0	1	0
3355	0	33	38	5	32	0	0	0	1	0
3355	0	33	38	5	32	0	0	0	1	0
3360	0	33	38	5	32	0	0	0	1	0
3360	0	33	38	5	32	0	0	0	1	0
3360	0	33	38	5	32	0	0	0	1	0
3365	0	33	38	5	32	0	0	0	1	0
3370	0	33	38	5	32	0	0	0	1	0
3370	0	33	38	5	32	0	0	0	1	0
3380	0	33	38	5	32	0	0	0	1	0
3385	0	33	38	5	32	0	0	0	1	0
3390	0	33	38	5	32	0	0	0	1	0
3390	0	33	38	5	32	0	0	0	1	0
3395	0	33	38	5	32	0	0	0	1	0
3395	0	33	38	5	32	0	0	0	1	0
3395	0	33	38	5	32	0	0	0	1	0
3400	0	33	38	5	32	0	0	0	1	0
3405	0	33	38	5	32	0	0	0	1	0
3410	0	33	38	5	32	0	0	0	1	0
3410	0	33	38	5	32	0	0	0	1	0
3410	0	33	38	5	32	0	0	0	1	0
3420	0	33	38	5	32	0	0	0	1	0
3430	0	33	38	5	32	0	0	0	1	0
3430	0	33	38	5	32	0	0	0	1	0
3435	0	33	38	5	32	0	0	0	1	0
3435	0	33	38	5	32	0	0	0	1	0
3435	0	33	38	5	32	0	0	0	1	0
3440	0	33	38	5	32	0	0	0	1	0
3440	0	33	38	5	32	0	0	0	1	0
3450	0	33	38	5	32	0	0	0	1	0
3450	0	33	38	5	32	0	0	0	1	0
3450	0	33	38	5	32	0	0	0	1	0
3455	0	33	38	5	32	0	0	0	1	0
3465	0	33	38	5	32	0	0	0	1	0
3470	0	33	38	5	32	0	0	0	1	0
3470	0	33	38	5	32	0	0	0	1	0
3475	0	33	38	5	32	0	0	0	1	0
3475	0	33	38	5	32	0	0	0	1	0
3475	0	33	38	5	32	0	0	0	1	0
3480	0	33	38	5	32	0	0	0	1	0
3485	0	33	38	5	32	0	0	0	1	0
3490	0	33	38	5	32	0	0	0	1	0
3490	0	33	38	5	32	0	0	0	1	0
3495	0	33	38	5	32	0	0	0	1	0
3500	0	33	38	5	32	0	0	0	1	0
3510	0	33	38	5	32	0	0	0	1	0
3510	0	33	38	5	32	0	0	0	1	0
3515	0	33	38	5	32	0	0	0	1	0
3515	0	33	38	5	32	0	0	0	1	0
3520	0	33	38	5	32	0	0	0	1	0
3520	0	33	38	5	32	0	0	0	1	0
3520	0	33	38	5	32	0	0	0	1	0
3530	0	33	38	5	32	0	0	0	1	0
3530	0	33	38	5	32	0	0	0	1	0
3530	0	33	38	5	33	0	0	0	0	0
3535	0	33	38	5	33	0	0	0	0	0
3545	0	33	38	5	33	0	0	0	0	0
3550	0	33	38	5	33	0	0	0	0	0
3550	0	33	38	5	33	0	0	0	0	0
3555	0	33	38	5	33	0	0	0	0	0
3555	0	33	38	5	33	0	0	0	0	0
3560	0	33	38	5	33	0	0	0	0	0
3560	0	33	38	5	33	0	0	0	0	0
3565	0	33	38	5	33	0	0	0	0	0
3570	0	33	38	5	33	0	0	0	0	0
3570	0	33	38	5	33	0	0	0	0	0
3570	0	33	38	5	33	0	0	0	0	0
3580	0	33	38	5	33	0	0	0	0	0
3590	0	33	38	5	33	0	0	0	0	0
3590	0	33	38	5	33	0	0	0	0	0
3595	0	33	38	5	33	0	0	0	0	0
3545	0	34	38	4	33	0	0	0	1	0
3550	0	34	38	4	33	0	0	0	1	0
3550	0	34	38	4	33	0	0	0	1	0
3555	0	34	38	4	33	0	0	0	1	0
3560	0	34	38	4	33	0	0	0	1	0
3560	0	34	38	4	33	0	0	0	1	0
3560	0	34	38	4	33	0	0	0	1	0
3565	0	34	38	4	33	0	0	0	1	0
